State_Name,District_Name,PH,Clay,Sand,Silt,Nitrogen,SOC,CEC
Andaman and Nicobar,Nicobar Islands,3.95,22.18,29.48,23.5,3.13,46.24,12.61
Andaman and Nicobar,North and Middle Andaman,4.66,26.81,30.48,24.61,3.22,40.87,19.07
Andaman and Nicobar,South Andaman,4.21,23.06,32.99,23.81,3.44,39.2,17.04
Andhra Pradesh,Anantapur,6.83,30.11,43.26,23.83,1.34,23.75,25.83
Andhra Pradesh,Chittoor,6.81,31.88,40.3,26.77,1.9,27.89,26.33
Andhra Pradesh,East Godavari,5.78,26.5,35.7,29.18,1.96,27.69,23.02
Andhra Pradesh,Guntur,6.38,28.29,37.78,29.11,1.67,25.7,22.05
Andhra Pradesh,Krishna,5.5,24.2,32.22,26.98,1.53,20.11,18.55
Andhra Pradesh,Kurnool,6.82,30.98,40.39,25.37,1.34,25.36,24.43
Andhra Pradesh,Nellore,6.6,30.39,35.25,28.03,2.04,36.18,25.38
Andhra Pradesh,Prakasam,6.79,30.73,40.5,27.14,1.77,33.09,26.42
Andhra Pradesh,Srikakulam,6.17,28.35,37.01,32.08,1.82,24.07,18.89
Andhra Pradesh,Visakhapatnam,5.98,28.34,38.95,30.24,2.28,29.04,19.88
Andhra Pradesh,Vizianagaram,6.18,28.52,38.74,31.6,1.87,24.36,18.94
Andhra Pradesh,West Godavari,5.8,25.33,35.5,28.39,1.58,21.65,21.49
Andhra Pradesh,Y.S.R.,6.74,32.28,39.27,26.03,1.67,28.08,25.64
Arunachal Pradesh,Anjaw,5.49,26.38,38.48,35.1,7.84,80.37,21.47
Arunachal Pradesh,Anjaw,5.76,21.6,42.17,35.79,6.44,89.3,22.65
Arunachal Pradesh,Changlang,5.22,30.15,39.14,30.63,6.69,60.72,20.15
Arunachal Pradesh,Dibang Valley,5.63,19.1,42.87,33.96,5.51,83.92,22.03
Arunachal Pradesh,East Kameng,5.2,30.49,30.86,38.64,7.2,51.63,20.15
Arunachal Pradesh,East Siang,4.86,27.06,38.69,25.74,3.19,35.22,16.39
Arunachal Pradesh,East Siang,5.09,28.99,40.84,29.28,5.39,51.16,19.1
Arunachal Pradesh,Kurung Kumey,5.44,24.97,35.62,36.0,5.79,66.86,21.54
Arunachal Pradesh,Lohit,5.18,29.64,39.18,29.31,6.13,53.76,19.14
Arunachal Pradesh,Lohit,5.73,23.33,40.64,35.54,6.09,90.59,23.8
Arunachal Pradesh,Longding,5.17,29.9,38.7,31.4,6.46,49.31,19.96
Arunachal Pradesh,Lower Dibang Valley,5.27,30.71,38.51,29.23,4.76,43.87,17.97
Arunachal Pradesh,Lower Dibang Valley,5.46,26.44,39.52,33.81,6.48,73.47,21.26
Arunachal Pradesh,Lower Subansiri,5.16,29.9,34.87,34.7,6.46,56.2,20.26
Arunachal Pradesh,Namsai,5.13,29.92,40.53,26.28,3.95,35.45,17.54
Arunachal Pradesh,Papum Pare,5.12,29.51,35.08,35.11,6.76,57.16,20.18
Arunachal Pradesh,Tawang,5.8,20.09,43.33,32.03,4.79,73.12,22.86
Arunachal Pradesh,Tirap,5.1,30.78,40.4,28.69,6.14,54.32,19.94
Arunachal Pradesh,Upper Siang,5.58,24.35,41.31,33.92,6.23,71.56,21.21
Arunachal Pradesh,Upper Subansiri,5.6,24.75,40.69,34.29,6.0,69.15,21.55
Arunachal Pradesh,West Kameng,5.25,27.38,31.68,36.39,5.78,62.61,21.43
Arunachal Pradesh,West Siang,5.36,26.12,41.81,31.97,5.64,64.26,20.7
Assam,Baksa,5.38,27.44,37.67,34.41,2.02,22.79,17.69
Assam,Barpeta,4.88,24.46,32.14,30.38,1.86,18.53,15.98
Assam,Bongaigaon,4.77,25.74,36.76,25.21,1.75,19.66,16.82
Assam,Cachar,5.18,28.2,36.27,34.15,3.55,28.63,18.14
Assam,Chirang,5.23,27.91,41.52,29.39,1.88,26.7,19.02
Assam,Darrang,4.94,25.48,29.52,33.6,1.48,18.31,15.83
Assam,Dhemaji,5.19,26.15,41.53,27.23,3.33,31.81,17.04
Assam,Dhubri,4.64,24.24,34.54,24.11,1.79,19.1,16.06
Assam,Dibrugarh,4.91,24.12,38.84,27.2,2.98,30.84,16.21
Assam,Dima Hasao,5.18,31.57,31.99,35.81,3.8,38.01,21.42
Assam,Goalpara,5.02,26.22,36.1,28.06,1.78,19.31,17.1
Assam,Golaghat,5.28,26.02,36.05,32.51,2.96,25.77,16.72
Assam,Hailakandi,5.26,27.63,38.01,33.99,2.98,25.47,17.28
Assam,Jorhat,5.07,25.9,38.2,28.03,3.06,27.65,17.02
Assam,Kamrup,5.11,26.34,33.7,33.42,2.09,22.49,17.32
Assam,Kamrup Metropolitan,4.59,24.08,29.26,30.06,2.09,19.59,16.26
Assam,Karbi Anglong,5.34,30.55,33.77,35.59,3.34,35.2,21.18
Assam,Karimganj,5.2,26.37,40.72,31.22,2.93,24.49,17.34
Assam,Kokrajhar,5.33,26.42,42.8,29.93,1.96,24.44,18.55
Assam,Lakhimpur,5.21,26.53,41.91,27.52,3.69,30.91,16.62
Assam,Morigaon,4.97,24.87,29.07,33.19,1.6,17.85,15.87
Assam,Nagaon,5.49,28.65,32.77,35.97,2.15,22.5,17.87
Assam,Nalbari,5.25,25.99,32.8,35.71,1.71,19.51,16.76
Assam,Sivasagar,5.34,26.9,42.53,28.86,3.45,28.6,18.55
Assam,Sonitpur,5.02,25.36,33.4,32.68,2.25,22.68,16.21
Assam,Tinsukia,5.06,27.45,39.9,27.82,3.75,35.33,17.9
Assam,Udalguri,5.44,28.39,36.82,34.44,1.86,21.39,17.69
Bihar,Araria,6.46,21.25,36.07,42.25,1.65,19.82,17.35
Bihar,Arwal,7.25,28.61,26.16,41.81,1.66,18.51,27.25
Bihar,Aurangabad,7.24,33.12,24.47,40.33,1.63,15.68,32.08
Bihar,Banka,6.56,26.47,33.44,38.69,1.79,21.16,18.59
Bihar,Begusarai,6.0,25.16,25.23,35.15,1.48,20.2,14.66
Bihar,Bhagalpur,5.61,24.1,24.85,33.89,1.51,20.15,16.59
Bihar,Bhojpur,6.85,27.79,26.21,42.61,1.61,19.02,24.44
Bihar,Buxar,6.97,29.03,27.28,40.4,1.51,15.39,26.61
Bihar,Darbhanga,5.76,23.43,25.53,34.98,1.32,16.81,13.75
Bihar,Gaya,7.19,32.64,23.58,43.25,1.64,17.17,29.57
Bihar,Gopalganj,6.55,25.29,32.13,37.11,1.31,16.98,14.12
Bihar,Jamui,6.58,26.63,33.55,38.93,1.68,20.47,18.85
Bihar,Jehanabad,7.45,28.12,27.94,43.46,1.56,18.56,21.53
Bihar,Kaimur,7.05,35.77,25.04,37.39,1.61,16.79,33.38
Bihar,Katihar,5.79,23.47,25.54,37.89,1.27,17.61,14.7
Bihar,Khagaria,5.21,21.45,22.89,30.22,1.25,20.22,13.03
Bihar,Kishanganj,5.92,23.46,34.36,39.83,1.78,20.4,19.09
Bihar,Lakhisarai,6.2,24.52,26.73,38.5,1.66,21.39,16.43
Bihar,Madhepura,6.72,25.67,31.07,41.32,1.73,21.21,16.61
Bihar,Madhubani,6.4,26.31,30.31,38.68,1.46,18.97,16.94
Bihar,Munger,5.64,23.97,26.75,33.5,1.76,22.53,16.91
Bihar,Muzaffarpur,6.35,25.04,27.99,38.76,1.37,17.89,13.79
Bihar,Nalanda,7.11,26.04,27.87,43.97,1.68,21.19,17.5
Bihar,Nawada,6.84,28.59,26.86,43.06,1.69,19.67,20.92
Bihar,Pashchim Champaran,6.44,23.28,33.94,40.32,1.4,21.36,14.49
Bihar,Patna,6.19,22.9,24.75,38.31,1.37,18.44,15.67
Bihar,Purba Champaran,6.6,26.94,29.51,40.28,1.4,19.29,15.53
Bihar,Purnia,6.56,24.11,31.67,42.17,1.6,19.47,15.84
Bihar,Rohtas,7.05,31.91,24.44,39.89,1.71,18.36,30.07
Bihar,Saharsa,6.15,24.51,27.5,36.36,1.51,20.16,15.06
Bihar,Samastipur,5.55,22.98,24.86,31.38,1.3,16.54,12.01
Bihar,Saran,5.83,21.95,25.53,35.2,1.26,15.0,13.11
Bihar,Sheikhpura,6.98,24.77,28.01,44.73,1.68,21.22,17.62
Bihar,Sheohar,6.64,27.52,28.05,42.21,1.57,19.27,16.3
Bihar,Sitamarhi,6.7,27.35,27.9,43.44,1.48,19.77,15.71
Bihar,Siwan,6.66,24.77,30.12,39.06,1.33,15.65,14.62
Bihar,Supaul,6.19,23.59,31.25,37.7,1.45,19.09,16.7
Bihar,Vaishali,5.85,22.83,26.02,34.47,1.35,17.76,12.54
Chandigarh,Chandigarh,3.26,10.61,20.81,16.42,0.93,12.16,8.32
Chhattisgarh,Balod,6.35,35.71,30.59,30.05,1.64,16.03,22.91
Chhattisgarh,Baloda Bazar,7.05,36.89,20.38,41.86,1.61,16.58,33.15
Chhattisgarh,Balrampur,6.83,38.94,19.64,41.29,1.95,20.88,39.3
Chhattisgarh,Bastar,6.22,27.56,40.97,31.18,1.79,23.11,29.82
Chhattisgarh,Bemetara,7.32,38.83,19.74,40.89,1.52,12.99,33.63
Chhattisgarh,Bijapur,5.98,30.91,36.76,31.03,1.95,29.23,20.9
Chhattisgarh,Bilaspur,7.03,38.68,18.44,41.53,1.69,17.11,35.82
Chhattisgarh,Dantewada,6.22,28.76,40.33,30.74,1.97,25.04,26.6
Chhattisgarh,Dhamtari,6.33,34.44,35.7,27.0,1.66,18.55,24.81
Chhattisgarh,Durg,6.77,37.94,23.25,33.71,1.5,12.99,26.81
Chhattisgarh,Gariaband,6.28,33.89,35.88,29.69,1.69,20.99,26.46
Chhattisgarh,Janjgir-Champa,7.18,39.21,19.28,39.16,1.77,16.48,37.8
Chhattisgarh,Jashpur,6.53,37.18,24.28,38.49,2.08,24.17,35.76
Chhattisgarh,Kabeerdham,6.91,39.46,19.48,40.78,1.83,19.66,36.71
Chhattisgarh,Kondagaon,6.18,29.77,42.16,27.99,1.8,21.89,28.55
Chhattisgarh,Korba,6.62,41.86,18.43,35.57,1.98,21.53,36.88
Chhattisgarh,Koriya,6.85,38.99,18.62,41.98,1.92,19.44,41.03
Chhattisgarh,Mahasamund,7.01,38.67,23.1,37.57,1.69,16.16,30.42
Chhattisgarh,Mungeli,6.98,38.81,18.94,41.75,1.76,19.14,33.12
Chhattisgarh,Narayanpur,5.93,32.92,39.65,27.4,2.31,32.49,26.72
Chhattisgarh,Raigarh,6.85,41.96,19.94,36.99,1.98,19.96,36.66
Chhattisgarh,Raipur,6.84,36.66,23.61,35.34,1.6,13.86,25.75
Chhattisgarh,Rajnandgaon,6.71,39.58,24.77,34.69,1.73,18.79,30.5
Chhattisgarh,Sukma,6.2,26.65,40.67,32.4,1.79,25.29,18.81
Chhattisgarh,Surajpur,6.96,40.61,15.98,42.76,1.88,19.4,40.02
Chhattisgarh,Surguja,6.76,41.38,20.3,37.53,2.03,21.29,38.18
Chhattisgarh,Uttar Bastar Kanker,6.23,33.72,38.72,27.24,1.9,22.07,23.37
Dadra and Nagar Haveli,Dadra and Nagar Haveli,6.12,36.89,30.68,25.16,2.52,18.69,25.19
Daman and Diu,Daman,3.83,16.52,18.48,18.96,1.17,10.91,15.04
Daman and Diu,Diu,4.14,17.71,23.19,21.05,1.14,14.37,14.99
Goa,North Goa,5.54,30.04,34.49,27.41,2.62,29.49,20.59
Goa,South Goa,5.24,27.35,36.11,26.16,2.48,31.27,20.17
Gujarat,Ahmadabad,6.91,25.58,33.84,35.56,1.29,12.47,28.11
Gujarat,Amreli,6.96,27.71,37.14,32.92,1.2,10.2,24.48
Gujarat,Anand,6.33,23.53,34.19,31.31,1.23,13.0,27.29
Gujarat,Aravalli,7.3,27.81,37.05,34.25,1.59,10.8,31.19
Gujarat,Banas Kantha,7.29,19.9,43.16,36.19,1.54,10.28,28.96
Gujarat,Bharuch,6.44,31.56,29.86,30.61,1.35,13.21,27.27
Gujarat,Bhavnagar,6.42,24.05,35.21,31.31,1.14,10.68,26.98
Gujarat,Botad,7.11,23.73,42.56,32.12,1.16,9.15,28.36
Gujarat,Chhota Udaipur,7.12,35.64,30.24,32.94,1.61,11.75,31.12
Gujarat,Dahod,7.18,31.94,33.46,33.68,1.43,10.55,34.86
Gujarat,Devbhumi Dwarka,6.4,21.27,41.79,27.62,1.16,12.32,18.32
Gujarat,Gandhinagar,7.19,29.39,31.66,34.93,1.55,9.93,29.99
Gujarat,Gir Somnath,6.55,27.91,35.75,31.28,1.16,14.96,20.05
Gujarat,Jamnagar,6.49,22.18,40.32,29.46,1.14,10.37,19.92
Gujarat,Junagadh,6.84,26.16,37.87,34.09,1.3,13.49,21.42
Gujarat,Kachchh,4.69,14.33,32.01,18.01,0.72,8.0,14.39
Gujarat,Kheda,7.15,29.96,33.74,34.63,1.46,10.55,31.22
Gujarat,Mahesana,7.24,22.04,38.32,37.8,1.54,10.02,30.29
Gujarat,Mahisagar,6.97,21.51,38.06,36.75,1.53,10.85,30.79
Gujarat,Morbi,7.0,21.87,47.35,28.78,1.16,9.61,26.6
Gujarat,Narmada,6.55,35.66,29.06,28.89,1.62,15.45,29.6
Gujarat,Navsari,6.51,35.44,32.51,26.03,1.83,16.79,26.76
Gujarat,Panch Mahals,7.07,30.65,32.36,34.81,1.5,9.8,31.54
Gujarat,Patan,7.29,19.5,42.61,37.22,1.44,10.39,28.78
Gujarat,Porbandar,6.57,21.86,37.39,35.2,1.39,16.4,20.41
Gujarat,Rajkot,6.97,27.42,39.68,30.35,1.15,9.84,23.88
Gujarat,Sabar Kantha,7.17,23.92,37.96,35.82,1.6,10.61,30.59
Gujarat,Surat,6.36,33.9,30.97,26.66,1.46,14.59,26.9
Gujarat,Surendranagar,7.18,26.6,39.59,32.38,1.31,10.44,27.64
Gujarat,Tapi,6.16,33.06,29.08,26.26,1.49,13.81,28.29
Gujarat,The Dangs,6.67,42.43,28.97,28.55,2.07,21.46,34.68
Gujarat,Vadodara,6.79,27.57,32.95,34.39,1.49,11.25,30.71
Gujarat,Valsad,6.45,36.06,31.44,27.63,2.24,19.74,26.3
Haryana,Ambala,6.96,24.14,37.55,35.17,1.52,21.47,15.63
Haryana,Bhiwani,7.55,22.98,46.89,28.29,1.14,9.91,18.21
Haryana,Faridabad,7.18,21.5,40.81,26.86,1.06,9.23,12.92
Haryana,Fatehabad,7.8,22.04,46.61,29.19,1.42,10.32,13.98
Haryana,Gurgaon,6.91,21.32,40.23,27.09,0.96,8.91,15.33
Haryana,Hisar,7.59,20.78,46.74,29.76,1.27,9.67,13.98
Haryana,Jhajjar,7.72,24.49,40.66,32.12,1.07,10.37,17.38
Haryana,Jind,7.96,22.48,40.15,34.74,1.29,10.55,13.29
Haryana,Kaithal,8.11,26.89,34.97,35.45,1.33,11.18,13.79
Haryana,Karnal,7.89,26.13,34.83,36.31,1.23,13.24,14.4
Haryana,Kurukshetra,7.48,25.28,33.01,39.42,1.33,16.57,16.34
Haryana,Mahendragarh,7.49,25.56,44.87,28.34,1.02,10.03,21.18
Haryana,Mewat,7.6,24.46,48.1,26.34,1.17,10.67,18.56
Haryana,Palwal,7.98,23.71,44.12,28.8,1.19,9.85,13.67
Haryana,Panchkula,6.15,23.74,39.75,32.01,2.98,36.11,19.47
Haryana,Panipat,8.21,25.09,35.1,33.07,1.18,9.98,13.17
Haryana,Rewari,7.5,26.26,43.84,27.76,1.02,10.26,20.37
Haryana,Rohtak,7.72,22.72,38.68,34.45,1.15,10.9,14.25
Haryana,Sirsa,7.66,21.18,50.8,25.66,1.29,9.78,14.13
Haryana,Sonipat,8.07,25.74,37.06,32.87,1.13,9.59,13.33
Haryana,Yamunanagar,6.59,23.34,39.01,34.61,2.1,27.0,17.12
Himachal Pradesh,Bilaspur,5.62,22.77,37.7,28.73,3.49,38.01,20.08
Himachal Pradesh,Chamba,5.95,22.04,40.77,33.25,5.49,76.62,26.02
Himachal Pradesh,Hamirpur,6.28,26.1,41.27,32.41,4.51,44.71,23.73
Himachal Pradesh,Kangra,5.89,23.29,39.16,32.36,5.19,56.61,22.24
Himachal Pradesh,Kinnaur,6.02,16.36,42.75,32.72,4.7,62.15,27.1
Himachal Pradesh,Kinnaur,5.47,14.7,35.95,27.29,3.37,32.85,22.36
Himachal Pradesh,Kinnaur,5.87,15.33,41.64,33.17,4.55,55.36,29.04
Himachal Pradesh,Kullu,5.55,19.81,39.17,30.63,5.04,67.96,23.16
Himachal Pradesh,Lahul & Spiti,5.74,16.0,37.05,30.36,3.67,46.07,27.18
Himachal Pradesh,Lahul & Spiti,6.66,18.94,44.97,32.73,4.0,40.45,31.49
Himachal Pradesh,Mandi,5.95,26.47,38.96,34.43,5.51,61.05,23.25
Himachal Pradesh,Shimla,5.96,24.66,41.91,33.16,5.45,70.98,24.58
Himachal Pradesh,Sirmaur,6.01,24.27,37.54,38.01,4.28,51.98,23.1
Himachal Pradesh,Solan,6.18,25.05,39.07,35.0,4.06,45.87,21.24
Himachal Pradesh,Una,6.36,21.89,43.96,31.22,3.17,33.29,20.7
Jammu and Kashmir,Anantnag,6.14,20.21,33.49,44.64,5.37,71.02,23.45
Jammu and Kashmir,Badgam,6.24,24.27,28.1,45.47,5.0,64.55,23.98
Jammu and Kashmir,Bandipore,6.39,20.17,34.25,45.03,5.46,87.18,27.62
Jammu and Kashmir,Baramulla,6.41,25.74,28.42,44.42,5.05,58.48,22.64
Jammu and Kashmir,Doda,6.02,23.2,38.33,38.31,5.9,75.52,25.19
Jammu and Kashmir,Ganderbal,6.29,20.97,32.4,44.67,5.26,75.81,24.65
Jammu and Kashmir,Jammu,6.57,20.4,36.23,39.7,2.83,30.28,18.66
Jammu and Kashmir,Kargil,6.4,17.85,36.1,32.15,3.15,36.68,25.4
Jammu and Kashmir,Kathua,6.1,25.71,38.06,34.71,4.72,54.44,21.88
Jammu and Kashmir,Kishtwar,5.78,16.24,34.93,36.59,4.73,68.45,24.22
Jammu and Kashmir,Kulgam,6.06,23.46,33.35,42.75,5.46,78.69,24.59
Jammu and Kashmir,Kupwara,6.28,26.48,32.39,41.07,5.62,75.93,23.37
Jammu and Kashmir,Leh (Ladakh),6.85,19.68,38.16,31.82,2.85,25.22,24.07
Jammu and Kashmir,Poonch,6.41,25.54,34.88,39.53,5.11,63.31,22.05
Jammu and Kashmir,Pulwama,6.24,24.58,27.05,45.88,4.91,50.72,21.74
Jammu and Kashmir,Rajouri,6.46,25.4,33.21,41.34,3.99,46.43,20.11
Jammu and Kashmir,Ramban,6.03,23.93,35.59,40.46,5.52,68.84,24.02
Jammu and Kashmir,Reasi,6.06,24.57,34.53,39.99,4.87,59.94,22.36
Jammu and Kashmir,Samba,6.56,21.12,37.72,39.4,3.08,33.92,19.19
Jammu and Kashmir,Shupiyan,6.12,26.33,29.0,44.39,4.99,54.31,22.46
Jammu and Kashmir,Srinagar,5.25,19.47,24.98,37.38,4.32,50.25,19.35
Jammu and Kashmir,Udhampur,5.98,27.52,36.49,35.79,5.09,62.33,23.19
Jharkhand,Bokaro,6.14,32.04,26.28,35.71,1.76,19.93,28.78
Jharkhand,Chatra,6.74,34.69,22.99,42.1,1.62,20.89,35.01
Jharkhand,Deoghar,6.39,24.25,38.77,36.49,1.67,20.84,17.97
Jharkhand,Dhanbad,5.42,25.55,27.46,30.96,1.5,17.62,20.05
Jharkhand,Dumka,5.89,21.27,39.35,37.51,1.67,21.06,16.57
Jharkhand,Garhwa,6.98,36.91,19.91,41.41,1.62,15.59,39.26
Jharkhand,Giridih,6.53,29.24,34.96,35.48,1.57,19.18,24.24
Jharkhand,Godda,6.24,24.25,38.48,36.73,1.72,22.48,17.73
Jharkhand,Gumla,6.43,36.42,27.48,35.94,1.98,28.57,34.19
Jharkhand,Hazaribagh,6.43,30.25,28.23,39.45,1.77,21.81,28.97
Jharkhand,Jamtara,6.04,23.57,38.9,34.98,1.55,18.69,17.44
Jharkhand,Khunti,6.46,35.03,31.55,33.31,1.93,25.77,28.53
Jharkhand,Kodarma,6.54,28.35,31.83,39.26,1.54,20.95,23.17
Jharkhand,Latehar,6.58,36.68,23.67,39.53,1.96,24.5,35.91
Jharkhand,Lohardaga,6.45,35.08,28.63,36.0,2.05,30.15,32.46
Jharkhand,Pakur,5.93,23.46,38.28,37.29,1.83,21.64,18.86
Jharkhand,Palamu,6.97,36.18,20.48,41.54,1.53,15.74,37.11
Jharkhand,Pashchimi Singhbhum,6.25,36.33,34.15,29.29,2.24,25.65,25.87
Jharkhand,Purbi Singhbhum,5.9,31.72,38.87,25.85,1.94,23.12,18.35
Jharkhand,Ramgarh,6.15,33.16,26.67,35.21,1.79,21.36,31.15
Jharkhand,Ranchi,6.32,33.61,30.24,33.67,1.87,24.66,26.54
Jharkhand,Sahibganj,5.83,21.25,37.08,34.93,1.52,21.72,16.13
Jharkhand,Saraikela-kharsawan,6.1,33.94,31.6,30.56,2.06,23.63,22.82
Jharkhand,Simdega,6.47,36.36,27.77,35.66,1.93,23.21,32.12
Karnataka,Bagalkot,6.94,27.81,44.58,22.99,1.23,18.57,28.2
Karnataka,Bangalore,4.9,17.75,42.91,15.02,1.17,15.3,12.6
Karnataka,Bangalore Rural,6.2,20.94,58.74,16.95,1.37,18.12,12.84
Karnataka,Belgaum,6.73,31.25,41.06,25.85,1.49,20.59,32.68
Karnataka,Bellary,6.84,30.88,39.9,25.41,1.47,22.89,29.05
Karnataka,Bidar,6.99,34.38,35.92,28.07,1.38,14.08,31.36
Karnataka,Bijapur,7.14,30.96,39.11,27.18,1.18,16.76,33.8
Karnataka,Chamrajnagar,6.54,30.01,40.5,28.48,2.21,27.49,27.92
Karnataka,Chikballapura,6.49,25.59,52.46,19.5,1.39,22.22,18.46
Karnataka,Chikmagalur,5.96,30.23,40.54,26.75,2.77,32.23,27.17
Karnataka,Chitradurga,6.85,31.35,40.73,25.18,1.53,23.58,32.05
Karnataka,Dakshina Kannada,5.36,29.68,45.24,20.59,3.1,35.21,17.42
Karnataka,Davanagere,6.85,31.75,38.65,27.61,1.52,21.37,30.42
Karnataka,Dharwad,7.06,35.81,34.01,28.91,1.48,20.76,35.2
Karnataka,Gadag,7.47,30.58,37.46,30.9,1.47,21.91,35.52
Karnataka,Gulbarga,7.0,34.32,36.03,28.01,1.42,18.11,31.36
Karnataka,Hassan,6.39,29.55,41.42,26.06,1.94,23.97,25.63
Karnataka,Haveri,7.08,35.68,33.75,29.61,1.55,19.39,35.6
Karnataka,Kodagu,5.58,31.08,41.4,26.96,3.55,41.01,24.84
Karnataka,Kolar,6.69,27.24,47.91,22.86,1.29,19.71,21.91
Karnataka,Koppal,6.82,25.38,46.05,24.67,1.31,21.98,26.21
Karnataka,Mandya,6.52,31.66,38.99,25.49,1.63,21.02,23.49
Karnataka,Mysore,6.27,30.68,38.51,26.46,1.82,21.19,25.59
Karnataka,Raichur,7.01,32.64,39.56,25.92,1.29,20.69,26.34
Karnataka,Ramanagara,6.41,27.15,48.17,22.76,1.69,22.11,18.86
Karnataka,Shimoga,5.77,26.83,40.3,27.48,2.15,26.18,26.82
Karnataka,Tumkur,6.6,28.22,46.74,21.4,1.47,19.67,23.13
Karnataka,Udupi,5.54,30.4,42.62,23.22,2.89,37.84,19.85
Karnataka,Uttara Kannada,5.58,26.53,41.66,27.7,2.7,32.53,25.44
Karnataka,Yadgir,6.87,33.68,36.94,26.87,1.29,19.66,25.41
Kerala,Alappuzha,3.88,22.75,24.04,24.2,2.57,34.54,13.84
Kerala,Ernakulam,4.37,25.09,32.69,24.3,2.88,32.92,13.62
Kerala,Idukki,5.18,32.26,34.87,30.21,4.73,50.55,17.03
Kerala,Kannur,5.22,29.37,42.35,22.91,3.64,42.34,17.6
Kerala,Kasaragod,5.12,29.1,43.34,18.85,3.15,38.31,17.32
Kerala,Kollam,4.9,30.47,33.41,28.01,3.74,37.27,17.54
Kerala,Kottayam,5.06,29.31,34.83,31.02,3.33,38.22,15.84
Kerala,Kozhikode,4.98,28.34,41.41,20.55,4.38,41.91,15.96
Kerala,Malappuram,5.27,27.38,42.53,25.56,3.44,40.45,15.73
Kerala,Palakkad,5.43,28.7,42.28,27.2,3.43,38.05,16.93
Kerala,Pathanamthitta,5.24,31.94,36.65,30.27,3.89,42.8,17.69
Kerala,Thiruvananthapuram,4.94,30.61,33.7,26.39,3.79,37.75,18.86
Kerala,Thrissur,5.03,28.45,39.0,26.24,3.15,38.19,15.53
Kerala,Wayanad,5.52,30.45,41.79,27.63,3.44,39.67,21.38
Lakshadweep,Lakshadweep,0.61,3.08,3.24,3.66,0.47,7.5,2.6
Madhya Pradesh,Agar Malwa,7.34,36.17,28.08,34.72,1.13,8.62,42.91
Madhya Pradesh,Alirajpur,7.16,37.85,30.63,30.74,1.45,11.57,34.84
Madhya Pradesh,Anuppur,7.16,41.12,17.44,40.78,1.59,13.87,41.29
Madhya Pradesh,Ashoknagar,7.04,28.33,34.45,34.79,1.15,9.44,35.15
Madhya Pradesh,Balaghat,6.72,42.43,18.34,38.81,1.96,24.07,35.83
Madhya Pradesh,Barwani,7.2,41.73,26.99,30.0,1.48,12.44,40.47
Madhya Pradesh,Betul,7.02,46.24,18.75,34.43,1.69,15.89,45.57
Madhya Pradesh,Bhind,7.92,24.68,42.02,32.21,1.34,12.44,19.25
Madhya Pradesh,Bhopal,6.76,34.38,25.94,32.02,1.16,9.52,37.9
Madhya Pradesh,Burhanpur,7.13,42.18,27.66,29.04,1.42,13.05,39.49
Madhya Pradesh,Chhatarpur,7.14,27.93,34.06,36.97,1.27,10.82,26.12
Madhya Pradesh,Chhindwara,7.02,43.5,17.43,38.55,1.76,17.67,46.43
Madhya Pradesh,Damoh,7.25,39.14,21.45,38.82,1.35,11.32,38.34
Madhya Pradesh,Datia,7.61,24.83,41.78,32.77,1.3,9.57,21.68
Madhya Pradesh,Dewas,7.35,39.46,21.38,38.0,1.16,10.31,40.5
Madhya Pradesh,Dhar,7.3,41.6,22.89,34.22,1.26,10.69,42.27
Madhya Pradesh,Dindori,6.77,39.46,20.66,39.78,2.08,22.89,40.14
Madhya Pradesh,East Nimar,6.62,35.31,26.61,28.37,1.19,9.9,35.18
Madhya Pradesh,Guna,7.17,28.84,35.95,33.79,1.19,9.05,33.09
Madhya Pradesh,Gwalior,7.22,26.76,42.79,27.6,1.2,9.18,21.14
Madhya Pradesh,Harda,7.06,39.1,22.34,36.31,1.45,13.43,36.62
Madhya Pradesh,Hoshangabad,6.73,39.24,20.49,36.03,1.55,16.29,34.41
Madhya Pradesh,Indore,7.04,42.99,15.25,36.87,1.07,10.45,45.8
Madhya Pradesh,Jabalpur,6.91,38.37,16.36,41.19,1.55,14.39,39.88
Madhya Pradesh,Jhabua,7.3,40.79,25.79,32.93,1.25,10.0,40.09
Madhya Pradesh,Katni,7.13,36.01,22.65,40.14,1.51,13.07,39.19
Madhya Pradesh,Mandla,6.7,40.27,16.25,40.88,1.91,21.15,41.17
Madhya Pradesh,Mandsaur,6.82,33.37,26.79,31.82,1.15,8.45,34.98
Madhya Pradesh,Morena,7.42,25.52,43.8,27.95,1.2,10.2,19.8
Madhya Pradesh,Narsimhapur,7.19,39.73,17.3,42.1,1.39,13.55,38.72
Madhya Pradesh,Neemuch,7.0,32.02,31.25,32.48,1.27,8.79,29.73
Madhya Pradesh,Panna,7.23,34.18,25.42,39.76,1.45,11.7,34.91
Madhya Pradesh,Raisen,7.09,39.72,21.1,37.62,1.49,13.86,38.75
Madhya Pradesh,Rajgarh,7.32,34.96,29.91,34.38,1.16,8.86,38.3
Madhya Pradesh,Ratlam,7.35,41.07,22.54,35.41,1.16,9.95,42.16
Madhya Pradesh,Rewa,7.23,33.29,28.49,37.58,1.33,11.18,31.66
Madhya Pradesh,Sagar,7.18,36.95,22.98,39.39,1.26,11.56,38.08
Madhya Pradesh,Satna,7.05,30.88,24.99,41.19,1.38,11.57,33.49
Madhya Pradesh,Sehore,7.2,38.74,22.39,37.11,1.24,11.8,38.58
Madhya Pradesh,Seoni,6.91,38.18,16.09,43.77,1.59,17.42,44.24
Madhya Pradesh,Shahdol,6.95,37.57,20.08,39.93,1.59,14.5,39.75
Madhya Pradesh,Shajapur,7.4,37.1,22.65,39.11,1.08,9.22,42.58
Madhya Pradesh,Sheopur,7.23,25.64,45.2,28.22,1.21,9.58,22.42
Madhya Pradesh,Shivpuri,7.15,27.48,38.81,32.02,1.21,9.61,27.51
Madhya Pradesh,Sidhi,7.01,36.35,24.1,38.72,1.63,16.07,37.03
Madhya Pradesh,Singrauli,6.88,34.41,22.22,39.83,1.48,14.75,37.81
Madhya Pradesh,Tikamgarh,7.24,24.18,37.94,36.32,1.25,10.32,23.46
Madhya Pradesh,Ujjain,7.4,44.74,19.29,34.71,1.03,9.47,48.11
Madhya Pradesh,Umaria,6.82,38.06,21.99,37.96,1.62,14.73,39.87
Madhya Pradesh,Vidisha,7.31,33.7,28.06,37.25,1.23,10.14,39.85
Madhya Pradesh,West Nimar,7.24,38.16,32.12,28.16,1.36,10.7,41.17
Maharashtra,Ahmadnagar,6.97,41.97,27.53,27.77,1.41,14.39,36.64
Maharashtra,Akola,7.17,43.1,24.23,30.61,1.15,10.53,41.11
Maharashtra,Amravati,7.08,44.02,21.45,33.11,1.43,14.3,43.2
Maharashtra,Aurangabad,7.03,46.43,23.21,27.45,1.37,12.59,41.12
Maharashtra,Bhandara,7.04,38.84,18.22,40.95,1.61,16.44,36.68
Maharashtra,Bid,7.07,43.86,26.41,27.4,1.4,12.92,41.31
Maharashtra,Buldana,7.12,46.18,25.55,26.96,1.18,12.26,43.13
Maharashtra,Chandrapur,6.87,36.93,25.73,35.03,1.46,15.0,34.19
Maharashtra,Dhule,7.1,39.28,28.56,30.45,1.26,11.24,37.75
Maharashtra,Garhchiroli,6.29,35.0,28.94,34.45,1.9,22.76,26.44
Maharashtra,Gondiya,6.74,38.91,19.91,38.32,1.69,18.44,31.23
Maharashtra,Hingoli,6.9,41.91,25.75,28.76,1.28,12.26,39.38
Maharashtra,Jalgaon,7.13,40.54,28.41,28.79,1.22,11.39,39.7
Maharashtra,Jalna,7.21,46.38,24.1,28.18,1.23,11.56,44.38
Maharashtra,Kolhapur,6.14,31.02,38.66,26.92,2.01,26.13,28.97
Maharashtra,Latur,7.03,37.79,30.82,29.13,1.36,11.9,35.31
Maharashtra,Mumbai City,0.01,0.03,0.03,0.03,0.0,0.03,0.02
Maharashtra,Mumbai Suburban,1.37,8.04,7.39,6.66,0.71,7.26,6.4
Maharashtra,Nagpur,6.86,41.86,15.18,37.97,1.38,13.75,45.11
Maharashtra,Nanded,7.04,39.59,29.02,29.71,1.34,13.58,35.74
Maharashtra,Nandurbar,6.99,38.67,28.48,31.27,1.58,13.97,34.11
Maharashtra,Nashik,6.77,43.03,25.43,28.75,1.65,15.73,37.35
Maharashtra,Osmanabad,7.11,38.58,29.04,29.79,1.33,12.92,40.35
Maharashtra,Palghar,6.2,35.81,30.81,27.86,2.6,23.21,25.76
Maharashtra,Parbhani,7.13,43.13,25.81,28.43,1.33,11.92,39.18
Maharashtra,Pune,6.4,37.53,30.02,26.16,1.72,19.91,32.16
Maharashtra,Raigarh,5.89,34.91,32.74,26.49,2.78,29.37,24.58
Maharashtra,Ratnagiri,5.96,34.44,33.68,28.99,2.86,32.77,23.58
Maharashtra,Sangli,6.95,33.27,39.15,25.79,1.36,17.16,32.81
Maharashtra,Satara,6.57,37.5,33.49,25.96,1.8,22.08,31.97
Maharashtra,Sindhudurg,5.92,33.35,34.96,29.44,2.68,30.94,22.69
Maharashtra,Solapur,7.24,40.63,29.68,27.41,1.27,14.39,36.25
Maharashtra,Thane,5.68,32.4,29.54,25.78,2.55,22.22,23.73
Maharashtra,Wardha,7.05,42.59,20.03,35.33,1.33,13.03,42.26
Maharashtra,Washim,7.09,48.03,23.39,26.98,1.2,12.04,43.89
Maharashtra,Yavatmal,6.98,41.24,25.71,30.87,1.23,12.74,36.96
Manipur,Bishnupur,3.79,22.22,21.32,24.39,1.73,20.34,12.36
Manipur,Chandel,5.37,28.53,33.1,38.32,3.55,40.05,21.01
Manipur,Churachandpur,5.33,30.73,28.16,40.94,4.16,35.57,19.47
Manipur,Imphal East,5.03,27.92,30.18,34.72,3.06,28.21,16.67
Manipur,Imphal West,4.47,25.83,25.04,29.93,2.27,25.59,15.44
Manipur,Senapati,5.31,32.2,30.6,37.06,6.89,45.98,21.22
Manipur,Tamenglong,5.12,31.57,31.55,36.86,6.32,44.12,20.42
Manipur,Thoubal,4.95,27.23,29.54,32.84,2.16,26.61,15.91
Manipur,Ukhrul,5.32,29.47,32.16,38.31,6.18,44.27,21.83
Meghalaya,East Garo Hills,5.06,28.2,39.4,32.35,2.62,38.32,22.18
Meghalaya,East Khasi Hills,5.14,30.94,36.9,31.25,5.3,54.65,22.06
Meghalaya,Jaintia Hills,5.17,29.67,38.01,32.15,3.88,52.17,22.16
Meghalaya,North Garo Hills,5.14,28.36,40.71,30.9,2.48,28.65,20.82
Meghalaya,Ri Bhoi,5.16,29.42,38.82,31.34,3.1,38.12,22.67
Meghalaya,South Garo Hills,5.17,27.2,39.21,33.32,2.56,37.62,20.86
Meghalaya,South West Garo Hills,5.41,28.97,36.16,34.68,1.79,20.03,19.17
Meghalaya,South West Khasi Hills,5.12,30.64,38.54,30.68,3.95,52.89,21.36
Meghalaya,West Garo Hills,5.18,27.55,38.72,33.01,2.27,27.74,20.62
Meghalaya,West Khasi Hills,5.1,30.52,38.33,31.13,3.89,56.42,22.8
Mizoram,Aizawl,5.33,30.62,26.41,42.64,4.34,34.69,19.88
Mizoram,Champhai,5.41,31.98,26.75,41.25,4.05,36.97,20.74
Mizoram,Kolasib,5.24,28.22,32.89,38.74,3.4,31.01,18.93
Mizoram,Lawangtlai,5.43,28.6,37.35,34.02,2.57,27.97,19.47
Mizoram,Lunglei,5.35,29.48,33.95,36.44,3.45,32.79,19.22
Mizoram,Mamit,5.26,28.64,32.55,38.8,3.51,32.59,19.18
Mizoram,Saiha,5.4,29.87,34.98,35.12,4.2,37.75,20.54
Mizoram,Serchhip,5.36,30.75,28.8,40.35,3.94,35.32,20.62
Nagaland,Dimapur,5.28,31.72,31.7,33.57,2.87,30.03,19.46
Nagaland,Kiphire,5.33,29.52,32.08,38.29,8.27,51.68,21.42
Nagaland,Kohima,5.21,32.78,30.41,35.62,7.15,44.83,20.88
Nagaland,Longleng,5.15,28.7,38.14,32.97,5.23,42.56,19.74
Nagaland,Mokokchung,5.11,29.77,37.13,32.5,5.06,42.12,20.41
Nagaland,Mon,5.15,28.59,38.96,32.34,5.54,44.34,20.41
Nagaland,Peren,5.19,33.88,29.99,36.06,5.65,41.05,21.59
Nagaland,Phek,5.3,30.24,30.32,39.25,8.82,47.1,20.97
Nagaland,Tuensang,5.33,30.01,33.99,35.82,7.74,52.77,21.39
Nagaland,Wokha,5.17,31.77,33.03,33.81,4.96,38.15,20.68
Nagaland,Zunheboto,5.27,31.63,31.43,36.76,7.87,44.51,21.13
NCT of Delhi,West,4.15,11.94,23.3,17.1,0.59,4.92,8.02
Odisha,Anugul,5.9,30.08,37.56,27.08,1.83,24.55,18.39
Odisha,Balangir,6.6,34.55,29.81,34.91,1.73,17.0,25.38
Odisha,Baleshwar,6.22,35.04,26.15,36.25,1.94,26.79,17.87
Odisha,Bargarh,6.71,36.26,23.95,37.05,1.94,18.01,27.47
Odisha,Bauda,6.13,30.47,36.24,30.92,1.89,23.57,20.89
Odisha,Bhadrak,6.31,37.48,20.02,39.41,2.09,25.61,18.03
Odisha,Cuttack,5.92,31.12,29.96,32.2,1.74,24.17,17.36
Odisha,Debagarh,5.69,32.26,31.51,27.47,1.87,24.35,22.46
Odisha,Dhenkanal,6.12,30.99,36.62,30.37,1.82,26.04,17.23
Odisha,Gajapati,5.87,28.24,39.67,31.65,2.61,34.22,18.28
Odisha,Ganjam,6.06,29.49,38.02,30.52,2.01,26.79,17.84
Odisha,Jagatsinghapur,6.07,32.43,22.28,37.61,1.83,23.54,17.63
Odisha,Jajapur,6.17,35.78,27.01,34.4,1.89,25.02,18.1
Odisha,Jharsuguda,5.29,29.49,19.3,30.79,1.32,14.39,23.46
Odisha,Kalahandi,6.2,28.57,37.78,32.16,1.82,22.96,20.64
Odisha,Kandhamal,5.89,30.02,38.29,31.62,2.46,34.8,19.84
Odisha,Kendrapara,5.95,33.43,17.07,39.71,1.94,24.98,18.06
Odisha,Kendujhar,6.08,34.13,34.75,30.14,1.98,28.01,20.77
Odisha,Khordha,5.94,30.08,33.75,30.86,1.83,23.88,18.3
Odisha,Koraput,5.95,26.25,39.62,31.68,2.0,26.23,21.13
Odisha,Malkangiri,6.0,24.62,39.57,32.6,1.93,25.97,19.13
Odisha,Mayurbhanj,6.03,33.4,34.61,31.54,2.13,29.97,20.42
Odisha,Nabarangapur,6.27,29.41,41.08,28.72,1.73,20.15,29.79
Odisha,Nayagarh,6.05,29.91,37.1,32.19,2.06,28.69,18.14
Odisha,Nuapada,6.63,36.32,30.86,32.43,1.77,19.59,28.32
Odisha,Puri,4.01,19.03,18.41,24.26,1.19,14.58,11.73
Odisha,Rayagada,6.04,26.88,39.3,33.47,2.28,29.56,17.46
Odisha,Sambalpur,6.11,32.98,29.65,33.97,1.93,23.56,25.71
Odisha,Subarnapur,6.4,32.75,27.93,35.32,1.91,17.32,23.41
Odisha,Sundargarh,6.24,35.75,28.19,34.21,2.0,23.6,28.84
Puducherry,Karaikal,5.95,28.36,28.77,31.32,3.01,40.92,22.54
Puducherry,Mahe,4.63,26.89,37.24,17.93,2.73,34.15,16.47
Puducherry,Puducherry,5.68,28.08,27.83,27.58,1.88,31.68,20.64
Puducherry,Yanam,3.74,16.53,20.17,19.25,1.34,17.52,15.13
Punjab,Amritsar,7.53,25.83,32.16,37.79,1.28,13.53,15.65
Punjab,Barnala,7.66,23.82,38.78,34.27,1.3,12.14,17.38
Punjab,Bathinda,7.57,21.69,44.48,29.92,1.4,11.13,13.76
Punjab,Faridkot,7.55,22.6,41.85,32.55,1.3,11.75,15.17
Punjab,Fatehgarh Sahib,7.49,30.56,28.31,38.53,1.35,15.86,19.49
Punjab,Fazilka,7.67,22.54,45.76,29.64,1.25,10.61,15.93
Punjab,Firozpur,7.67,24.87,40.46,32.21,1.3,12.63,17.6
Punjab,Gurdaspur,7.51,25.95,35.12,36.96,1.46,16.42,17.36
Punjab,Hoshiarpur,6.9,22.16,41.71,33.66,1.92,21.96,16.3
Punjab,Jalandhar,7.29,22.51,38.33,33.23,1.03,13.13,15.18
Punjab,Kapurthala,7.34,24.41,37.3,32.99,1.09,14.06,16.55
Punjab,Ludhiana,7.18,24.61,34.96,32.79,1.05,12.76,16.54
Punjab,Mansa,7.78,23.31,44.21,29.9,1.43,10.48,13.83
Punjab,Moga,7.62,23.42,39.79,33.19,1.23,12.49,16.97
Punjab,Muktsar,7.62,22.2,45.19,30.02,1.23,11.33,14.27
Punjab,Pathankot,6.36,23.33,34.83,36.06,3.61,33.93,19.21
Punjab,Patiala,7.64,30.06,28.26,38.51,1.35,13.95,18.35
Punjab,Rupnagar,6.9,22.86,38.52,35.32,1.99,23.44,16.44
Punjab,Sahibzada Ajit Singh Nagar,6.63,21.43,37.45,34.7,1.67,21.81,14.57
Punjab,Sangrur,7.74,26.84,34.98,35.33,1.29,12.1,17.42
Punjab,Shahid Bhagat Singh Nagar,7.19,23.15,42.85,30.61,1.27,17.43,16.2
Punjab,Tarn Taran,7.76,24.57,34.87,38.51,1.28,13.03,16.86
Rajasthan,Ajmer,7.32,22.41,32.64,42.9,1.13,8.12,19.49
Rajasthan,Alwar,7.33,24.64,45.5,28.82,1.25,11.84,21.38
Rajasthan,Banswara,7.06,25.84,35.32,36.31,1.43,10.67,32.37
Rajasthan,Baran,7.18,26.53,40.83,30.84,1.18,8.71,25.37
Rajasthan,Barmer,7.83,22.76,51.49,25.58,0.7,5.63,12.8
Rajasthan,Bharatpur,7.63,26.86,44.63,27.62,1.14,10.3,19.78
Rajasthan,Bhilwara,7.28,26.58,34.84,36.98,1.09,8.34,23.78
Rajasthan,Bikaner,7.97,23.55,51.08,24.81,0.71,5.78,14.83
Rajasthan,Bundi,7.17,25.89,41.78,30.0,1.19,9.42,21.8
Rajasthan,Chittaurgarh,7.04,31.84,34.95,29.73,1.16,9.19,30.47
Rajasthan,Churu,7.84,23.55,54.15,21.53,0.79,6.86,17.6
Rajasthan,Dausa,7.38,23.61,49.96,25.71,1.08,10.31,19.23
Rajasthan,Dhaulpur,7.57,25.53,43.9,29.39,1.2,9.76,20.76
Rajasthan,Dungarpur,7.22,23.78,39.58,35.15,1.51,10.72,30.03
Rajasthan,Ganganagar,7.85,23.94,52.77,22.51,1.0,9.33,17.03
Rajasthan,Hanumangarh,7.85,22.52,57.59,18.52,0.97,8.01,14.29
Rajasthan,Jaipur,7.26,23.08,46.49,27.87,1.04,9.46,20.73
Rajasthan,Jaisalmer,8.0,24.03,57.17,18.72,0.42,4.51,9.75
Rajasthan,Jalor,7.54,21.59,48.31,29.85,1.34,8.05,22.49
Rajasthan,Jhalawar,7.2,29.97,36.02,32.41,1.15,8.72,30.95
Rajasthan,Jhunjhunun,7.46,26.03,45.97,26.96,0.95,9.39,20.92
Rajasthan,Jodhpur,7.72,22.71,54.18,22.39,0.64,5.59,12.13
Rajasthan,Karauli,7.25,25.33,48.28,25.35,1.17,10.6,21.04
Rajasthan,Kota,7.06,26.57,39.67,29.93,1.2,8.89,21.43
Rajasthan,Nagaur,7.59,26.26,49.6,23.54,0.8,6.35,18.11
Rajasthan,Pali,7.46,23.9,44.66,30.65,1.28,7.68,18.39
Rajasthan,Pratapgarh,7.25,35.62,29.72,33.72,1.33,10.15,36.35
Rajasthan,Rajsamand,7.31,33.07,36.73,29.63,1.35,10.43,34.61
Rajasthan,Sawai Madhopur,7.27,24.78,45.95,27.65,1.21,10.16,21.59
Rajasthan,Sikar,7.45,26.96,45.08,27.18,0.94,8.69,23.56
Rajasthan,Sirohi,7.34,24.2,40.61,34.53,1.65,11.77,30.97
Rajasthan,Tonk,7.15,22.26,42.99,31.23,1.03,8.85,21.0
Rajasthan,Udaipur,7.22,31.86,35.52,31.53,1.65,12.69,35.49
Sikkim,East Sikkim,5.54,25.8,38.14,36.05,7.1,66.9,22.71
Sikkim,North Sikkim,5.5,14.84,43.4,27.7,4.09,52.57,22.74
Sikkim,South Sikkim,5.44,26.14,37.68,35.97,6.3,60.66,22.05
Sikkim,West Sikkim,5.45,22.67,40.65,32.84,5.99,65.68,22.89
Tamil Nadu,Ariyalur,7.02,33.22,35.73,29.46,2.19,33.87,25.92
Tamil Nadu,Chennai,0.42,2.1,2.43,1.96,0.19,2.47,1.7
Tamil Nadu,Coimbatore,5.98,27.98,40.77,26.03,2.68,32.87,21.28
Tamil Nadu,Cuddalore,6.53,30.48,33.92,30.25,2.13,32.31,23.64
Tamil Nadu,Dharmapuri,6.54,30.68,38.62,28.27,2.3,28.04,28.55
Tamil Nadu,Dindigul,6.68,29.69,41.23,28.33,2.87,37.96,26.2
Tamil Nadu,Erode,6.61,29.76,38.53,29.36,2.37,30.57,28.21
Tamil Nadu,Kancheepuram,6.09,28.45,32.96,27.91,2.08,32.08,22.16
Tamil Nadu,Kanniyakumari,5.21,30.67,32.56,26.57,3.97,45.34,18.85
Tamil Nadu,Karur,7.18,30.94,38.81,29.2,2.04,33.08,30.45
Tamil Nadu,Krishnagiri,6.53,30.39,41.73,26.41,1.91,24.93,26.92
Tamil Nadu,Madurai,6.89,31.52,40.71,25.86,2.75,32.8,26.41
Tamil Nadu,Nagappattinam,5.79,28.43,28.61,29.99,3.12,40.95,22.14
Tamil Nadu,Namakkal,6.7,29.75,36.53,30.76,2.28,28.24,29.32
Tamil Nadu,Perambalur,7.17,32.76,37.12,29.62,2.28,35.34,30.6
Tamil Nadu,Pudukkottai,7.06,32.52,35.47,28.83,2.47,33.94,27.99
Tamil Nadu,Ramanathapuram,6.94,33.27,32.82,29.57,2.6,45.13,28.65
Tamil Nadu,Salem,6.53,30.45,36.6,29.23,2.41,29.8,29.19
Tamil Nadu,Sivaganga,7.23,33.67,37.23,28.78,2.55,33.93,28.4
Tamil Nadu,Thanjavur,6.73,34.03,32.22,29.97,2.69,32.87,24.94
Tamil Nadu,The Nilgiris,5.74,29.56,38.06,30.9,3.62,46.03,23.18
Tamil Nadu,Theni,6.19,32.04,40.2,26.32,3.61,43.06,23.37
Tamil Nadu,Thiruvallur,6.21,28.84,33.67,27.71,2.07,31.58,23.24
Tamil Nadu,Thiruvarur,6.27,30.63,31.69,32.5,3.32,37.07,24.04
Tamil Nadu,Thoothukkudi,6.95,31.4,38.45,26.34,2.19,47.34,25.44
Tamil Nadu,Tiruchirappalli,6.99,31.35,37.66,28.15,2.23,30.01,29.5
Tamil Nadu,Tirunelveli,6.31,32.25,39.09,27.48,3.06,43.44,23.33
Tamil Nadu,Tiruppur,6.85,28.33,42.48,26.46,2.05,30.55,26.22
Tamil Nadu,Tiruvannamalai,6.81,30.93,37.67,30.36,2.27,32.02,28.68
Tamil Nadu,Vellore,6.65,30.32,38.48,29.02,2.14,28.43,27.72
Tamil Nadu,Viluppuram,6.8,32.37,35.97,29.83,2.16,32.09,25.13
Tamil Nadu,Virudunagar,7.13,34.47,38.27,26.16,3.01,38.87,28.23
Telangana,Adilabad,6.8,37.21,25.99,34.18,1.43,16.09,32.72
Telangana,Hyderabad,0.71,3.35,5.32,2.08,0.17,1.76,2.13
Telangana,Karimnagar,6.76,34.8,29.59,32.53,1.36,16.67,28.44
Telangana,Khammam,6.23,26.72,38.79,31.8,1.76,24.69,20.32
Telangana,Mahbubnagar,6.63,30.52,37.61,28.39,1.38,20.74,25.29
Telangana,Medak,6.96,33.33,37.99,25.28,1.45,14.2,30.5
Telangana,Nalgonda,6.66,29.81,38.71,28.02,1.34,23.6,22.1
Telangana,Nizamabad,6.86,34.06,33.2,27.65,1.36,14.71,33.3
Telangana,Ranga Reddy,6.32,28.37,40.45,24.33,1.3,14.63,24.38
Telangana,Warangal,6.6,29.5,37.38,30.91,1.55,21.49,22.84
Tripura,Dhalai,5.26,26.54,34.88,37.23,1.93,23.8,17.02
Tripura,Gomati,5.37,28.46,33.55,36.51,1.66,19.94,16.56
Tripura,Khowai,5.36,27.78,34.34,37.5,1.88,21.26,16.81
Tripura,North Tripura,5.28,27.93,35.84,36.14,2.62,26.64,17.74
Tripura,Sipahijala,5.4,31.05,31.17,37.05,1.66,19.17,16.88
Tripura,South Tripura,5.44,28.6,33.66,37.61,1.62,19.51,18.34
Tripura,Unokoti,5.28,27.22,36.82,35.87,2.1,23.09,16.75
Tripura,West Tripura,5.27,29.59,31.11,36.32,1.69,18.55,16.34
Uttar Pradesh,Agra,7.8,24.38,40.62,31.3,1.28,11.11,16.74
Uttar Pradesh,Aligarh,8.46,22.07,45.97,30.31,1.39,11.65,12.95
Uttar Pradesh,Allahabad,7.07,23.1,33.63,40.03,1.33,11.73,20.59
Uttar Pradesh,Ambedkar Nagar,7.19,22.39,27.83,46.87,1.41,18.19,21.96
Uttar Pradesh,Amethi,7.19,25.25,31.91,42.54,1.34,13.34,22.15
Uttar Pradesh,Amroha,6.98,22.17,39.01,36.27,1.34,16.53,12.38
Uttar Pradesh,Auraiya,7.6,22.14,39.22,37.01,1.57,18.61,15.02
Uttar Pradesh,Azamgarh,7.33,25.68,26.99,45.95,1.43,18.05,23.47
Uttar Pradesh,Baghpat,7.66,20.36,41.08,35.41,1.24,12.15,12.48
Uttar Pradesh,Bahraich,6.62,22.96,36.06,36.91,1.39,19.43,16.34
Uttar Pradesh,Ballia,6.75,25.48,26.83,40.79,1.21,14.51,22.19
Uttar Pradesh,Balrampur,6.7,23.05,33.98,41.16,1.49,18.34,14.84
Uttar Pradesh,Banda,7.19,22.24,35.67,40.34,1.42,11.23,20.03
Uttar Pradesh,Barabanki,6.93,26.03,33.43,38.3,1.35,15.27,21.8
Uttar Pradesh,Bareilly,6.91,22.68,36.33,38.2,1.5,17.62,13.27
Uttar Pradesh,Basti,6.87,22.44,32.0,41.81,1.54,17.22,16.05
Uttar Pradesh,Bijnor,6.69,23.99,37.7,36.64,1.95,24.05,15.8
Uttar Pradesh,Budaun,7.6,20.17,39.88,38.52,1.53,15.43,12.85
Uttar Pradesh,Bulandshahr,7.86,21.69,41.31,34.97,1.33,12.77,12.53
Uttar Pradesh,Chandauli,6.71,32.18,25.33,36.13,1.37,14.97,30.45
Uttar Pradesh,Chitrakoot,7.08,22.63,38.55,36.97,1.47,11.51,19.6
Uttar Pradesh,Deoria,6.93,26.67,30.33,39.99,1.53,17.22,15.24
Uttar Pradesh,Etah,8.6,21.93,44.61,32.84,1.52,14.14,13.64
Uttar Pradesh,Etawah,8.0,21.98,40.95,34.74,1.64,18.51,12.59
Uttar Pradesh,Faizabad,6.91,23.82,30.35,41.96,1.28,15.47,21.79
Uttar Pradesh,Farrukhabad,7.57,20.5,41.28,35.15,1.65,16.97,15.53
Uttar Pradesh,Fatehpur,7.08,19.23,31.94,45.97,1.34,12.88,17.65
Uttar Pradesh,Firozabad,8.32,22.82,41.07,33.86,1.35,12.21,14.59
Uttar Pradesh,Gautam Buddha Nagar,7.16,20.25,38.21,27.16,1.1,9.09,11.05
Uttar Pradesh,Ghaziabad,7.02,17.69,37.11,32.39,1.05,9.81,10.98
Uttar Pradesh,Ghazipur,7.01,27.96,27.29,41.57,1.45,14.8,27.2
Uttar Pradesh,Gonda,6.94,23.94,33.49,41.03,1.44,16.21,20.65
Uttar Pradesh,Gorakhpur,6.82,24.23,29.52,41.34,1.57,20.04,14.58
Uttar Pradesh,Hamirpur,7.31,23.47,36.89,37.45,1.3,13.42,20.26
Uttar Pradesh,Hapur,7.43,20.34,39.24,37.95,1.25,13.4,12.06
Uttar Pradesh,Hardoi,7.32,25.47,35.91,36.98,1.55,19.22,24.42
Uttar Pradesh,Hathras,8.48,23.64,44.31,31.08,1.4,11.4,14.97
Uttar Pradesh,Jalaun,7.57,22.09,38.56,37.55,1.39,15.94,19.51
Uttar Pradesh,Jaunpur,7.34,27.23,29.59,42.59,1.41,16.65,25.87
Uttar Pradesh,Jhansi,7.36,22.96,41.49,32.68,1.27,11.83,20.8
Uttar Pradesh,Kannauj,7.59,23.3,41.14,34.58,1.67,19.92,20.54
Uttar Pradesh,Kanpur Dehat,7.37,22.82,36.73,39.45,1.55,17.79,20.34
Uttar Pradesh,Kanpur Nagar,6.91,21.15,33.58,38.31,1.39,16.88,22.48
Uttar Pradesh,Kasganj,8.3,20.69,43.71,33.72,1.56,15.79,12.07
Uttar Pradesh,Kaushambi,6.72,18.77,32.8,42.04,1.28,10.65,14.83
Uttar Pradesh,Kushinagar,6.72,26.21,31.22,40.46,1.35,18.24,14.53
Uttar Pradesh,Lakhimpur Kheri,6.71,23.12,36.65,37.84,1.75,20.62,14.81
Uttar Pradesh,Lalitpur,6.88,27.1,28.65,37.78,1.11,9.98,27.22
Uttar Pradesh,Lucknow,6.66,25.02,31.73,36.19,1.32,15.18,22.52
Uttar Pradesh,Maharajganj,6.73,26.93,29.05,43.12,1.58,20.44,14.85
Uttar Pradesh,Mahoba,7.19,20.96,40.19,36.38,1.3,10.35,20.88
Uttar Pradesh,Mainpuri,8.39,20.9,43.42,35.11,1.68,18.08,13.21
Uttar Pradesh,Mathura,7.85,25.53,41.43,30.1,1.26,10.39,15.94
Uttar Pradesh,Mau,7.04,26.26,27.05,43.57,1.31,14.23,23.22
Uttar Pradesh,Meerut,7.01,19.79,36.62,38.96,1.24,15.47,12.2
Uttar Pradesh,Mirzapur,6.86,31.45,28.26,34.57,1.27,12.01,32.51
Uttar Pradesh,Moradabad,6.89,23.99,37.84,35.85,1.36,18.01,13.03
Uttar Pradesh,Muzaffarnagar,6.98,22.82,36.93,37.37,1.32,17.7,13.48
Uttar Pradesh,Pilibhit,6.57,23.49,34.55,38.96,1.56,22.01,14.65
Uttar Pradesh,Pratapgarh,7.16,22.66,31.15,44.86,1.34,14.34,19.7
Uttar Pradesh,Rae Bareli,7.14,22.44,33.02,42.79,1.35,12.77,21.79
Uttar Pradesh,Rampur,6.89,24.68,36.68,37.09,1.43,18.51,13.45
Uttar Pradesh,Saharanpur,6.84,24.44,38.9,35.24,1.74,23.12,16.65
Uttar Pradesh,Sambhal,7.45,22.97,42.01,33.78,1.52,14.42,12.84
Uttar Pradesh,Sant Kabir Nagar,7.04,24.6,30.93,42.26,1.63,20.55,14.82
Uttar Pradesh,Sant Ravi Das Nagar,7.02,25.06,30.58,40.92,1.35,12.85,29.24
Uttar Pradesh,Shahjahanpur,7.04,21.84,37.11,39.36,1.57,16.84,14.1
Uttar Pradesh,Shamli,7.35,22.5,39.0,36.38,1.29,14.51,13.26
Uttar Pradesh,Shravasti,6.73,22.63,36.94,38.82,1.4,18.36,15.13
Uttar Pradesh,Siddharth Nagar,6.92,25.93,31.62,41.25,1.44,17.97,14.4
Uttar Pradesh,Sitapur,7.04,23.41,37.67,38.06,1.53,17.12,15.68
Uttar Pradesh,Sonbhadra,6.56,35.35,18.81,36.73,1.3,13.33,39.13
Uttar Pradesh,Sultanpur,7.33,26.88,30.83,41.72,1.35,16.04,22.41
Uttar Pradesh,Unnao,7.24,24.92,34.04,38.91,1.41,17.97,24.69
Uttar Pradesh,Varanasi,6.65,25.92,27.2,38.21,1.33,12.74,28.41
Uttarakhand,Almora,5.99,23.05,33.11,43.75,4.13,52.34,22.37
Uttarakhand,Bageshwar,5.52,21.64,34.44,36.65,4.83,63.66,23.0
Uttarakhand,Chamoli,5.03,18.11,35.82,29.51,4.77,69.66,22.11
Uttarakhand,Chamoli,6.4,16.77,48.27,33.68,5.16,64.16,34.02
Uttarakhand,Champawat,5.87,23.91,33.72,42.01,3.89,49.47,22.09
Uttarakhand,Dehradun,5.86,23.53,35.56,38.65,4.12,51.35,22.0
Uttarakhand,Garhwal,5.88,23.19,34.99,39.99,3.97,52.14,21.53
Uttarakhand,Hardwar,6.49,23.28,38.67,34.74,2.28,27.4,17.23
Uttarakhand,Nainital,5.92,24.0,34.23,40.94,3.53,50.06,21.06
Uttarakhand,Pithoragarh,4.91,16.83,33.39,30.13,4.18,59.32,21.14
Uttarakhand,Pithoragarh,5.94,15.98,43.66,32.27,4.81,61.21,31.74
Uttarakhand,Rudraprayag,5.54,20.91,40.82,31.71,5.71,83.01,24.0
Uttarakhand,Tehri Garhwal,5.76,23.05,36.78,37.78,4.94,66.78,23.09
Uttarakhand,Udham Singh Nagar,6.24,22.97,34.98,36.68,1.63,25.43,14.27
Uttarakhand,Uttarkashi,5.28,18.4,38.34,31.17,4.98,73.5,22.89
Uttarakhand,Uttarkashi,6.36,16.21,45.73,35.08,4.89,58.81,31.48
West Bengal,Alipurduar,5.35,25.93,43.54,29.82,2.14,25.3,18.99
West Bengal,Bankura,6.0,25.99,42.91,28.84,1.37,18.16,15.29
West Bengal,Barddhaman,5.85,30.21,23.52,38.25,1.38,19.71,16.86
West Bengal,Birbhum,6.13,25.92,32.98,39.07,1.41,18.72,17.2
West Bengal,Dakshin Dinajpur,6.35,36.53,23.35,38.57,1.5,18.54,19.8
West Bengal,Darjiling,5.35,26.28,36.91,35.8,4.21,44.04,20.9
West Bengal,Haora,5.53,30.92,8.21,43.99,1.69,24.08,17.22
West Bengal,Hugli,6.22,33.11,13.4,46.56,1.54,23.42,18.06
West Bengal,Jalpaiguri,5.36,25.24,38.61,32.76,2.03,23.16,18.93
West Bengal,Koch Bihar,5.39,24.77,44.18,26.7,2.3,21.08,18.27
West Bengal,Kolkata,0.14,0.77,0.23,1.1,0.04,0.59,0.44
West Bengal,Maldah,5.64,25.06,22.6,37.79,1.2,17.11,15.25
West Bengal,Murshidabad,6.02,28.53,18.58,42.66,1.4,18.73,16.55
West Bengal,Nadia,5.91,33.45,12.42,43.75,1.43,20.86,16.59
West Bengal,North 24 Parganas,4.45,27.46,6.78,36.88,1.86,21.16,14.76
West Bengal,Pashchim Medinipur,6.23,29.95,32.48,36.28,1.56,21.5,17.21
West Bengal,Purba Medinipur,6.31,34.37,10.65,49.93,1.76,23.32,17.19
West Bengal,Puruliya,6.23,31.57,33.47,33.0,1.76,19.9,22.57
West Bengal,South 24 Parganas,5.47,29.31,6.36,47.53,1.92,21.33,15.8
West Bengal,Uttar Dinajpur,6.36,27.53,29.87,41.42,1.59,19.46,17.65
